switch_sequence,on_value,off_value,onoff_value,on_preds,off_preds
AAATTTTATAACCGTTAATATTGATAAAAAAACAGAGGAGATTTTTAATGATATTAACG,0.011605396,0.981091316,-0.96948592,,
ATCTAAGACTAGTGATTTTCTGACTTTCTTAACAGAGGAGAAAGAAAATGAGAAAATCA,0.08398679,0.938078994,-0.854092204,,
TGAATTCTTTTACCCTGGAGAGGTCCAAATAACAGAGGAGAATTTGGATGTCTCCAGGG,0.035200195,0.876468838,-0.841268644,,
TGTAACCTCCATAGCATTGGTCAACATTCTAACAGAGGAGAAGAATGATGACCAATGCT,0.161230902,0.940054946,-0.778824044,,
TAAGAGGTTCTTAACATTATCCAGAATGGTAACAGAGGAGAACCATTATGGATAATGTT,0.161710271,0.879412898,-0.717702626,,
GGACGATCAATATTTAACAAAGATTAACAAAACAGAGGAGATTGTTAATGTTTGTTAAA,0.119949306,0.836336537,-0.71638723,,
CTTAAAGACTTGTCTTTGCGGCTGTTTACAAACAGAGGAGATGTAAAATGCCGCAAAGA,0.029142266,0.175708446,-0.14656618,,
TAATACTAGATCCATTAGAAAATTTAACACAACAGAGGAGAGTGTTAATGTTTCTAATG,0.595741747,0.741904102,-0.146162355,,
GAGCCGTTTGGCTTGTTCAATACTTTCTGGAACAGAGGAGACCAGAAATGATTGAACAA,0.159332295,0.305385527,-0.146053232,,
TGGGCTCCAGATAGAAGGACCTGGTCAGTGAACAGAGGAGACACTGAATGGGTCCTTCT,0.131259924,0.277244749,-0.145984825,,
